{
    "CLI_version": "7.6.3",
    "branch": "master",
    "certora_ci_client": null,
    "conf": {
        "files": [
            "./ccip/offRamp/EVM2EVMOffRamp.sol"
        ],
        "msg": "Verification of off_ramp",
        "process": "emv",
        "rule_sanity": "basic",
        "verify": "EVM2EVMOffRamp:./ccip/test/audit-test/formal-verification/off_ramp.spec",
        "wait_for_results": "all"
    },
    "conf_path": "competitive_audits/ChainlinkCCIP/off_ramp.conf",
    "cwd_relative": "competitive_audits/ChainlinkCCIP",
    "dirty": true,
    "main_spec": "./ccip/test/audit-test/formal-verification/off_ramp.spec",
    "origin": "https://github.com/ThomasHeim11/Smart-Contract-Security-Portfolio.git",
    "raw_args": [
        "/Library/Frameworks/Python.framework/Versions/3.11/bin/certoraRun",
        "./ccip/test/audit-test/formal-verification/off_ramp.conf"
    ],
    "revision": "24192022d530c16f7cc4d6f8eea007b5bf85bd7f",
    "timestamp": "1720777984.272539"
}